report_date,total_orders,delivered_orders,daily_revenue,average_order_value,avg_delivery_time_days,on_time_delivery_rate_pct
2026-09-30,64,32,10765.51,168.21,4.0,100.0
2026-09-16,6,6,547.06,91.18,-1.0,100.0
2026-09-15,12,12,1320.67,110.06,-1.0,100.0
2026-09-14,33,33,3180.62,96.38,-1.0,100.0
2026-09-13,41,41,4150.14,101.22,-1.0,100.0
2026-09-12,44,44,4513.59,102.58,-1.0,100.0
2026-09-11,48,48,4682.24,97.55,-1.0,100.0
2026-09-10,34,34,3345.14,98.39,-1.0,100.0
2026-09-09,39,39,4044.06,103.69,-1.0,100.0
2026-09-08,26,26,2424.36,93.24,-1.0,100.0
2026-09-07,36,36,3580.8,99.47,-1.0,100.0
2026-09-06,37,37,3668.49,99.15,-1.0,100.0
2026-09-05,32,32,3461.2,108.16,-1.0,100.0
2026-09-04,38,38,3839.14,101.03,-1.0,100.0
2026-09-03,30,30,3186.42,106.21,-1.0,100.0
2026-09-02,42,42,4150.16,98.81,-1.0,100.0
2026-09-01,45,45,4625.77,102.79,-1.0,100.0
2026-08-31,38,38,3531.66,92.94,-1.0,100.0
2026-08-30,50,50,4741.94,94.84,-1.0,100.0
2026-08-29,28,28,2743.29,97.97,-1.0,100.0
2026-08-28,43,43,4340.44,100.94,-1.0,100.0
2026-08-27,44,44,4645.11,105.57,-1.0,100.0
2026-08-26,40,40,4221.22,105.53,-1.0,100.0
2026-08-25,30,30,3030.02,101.0,-1.0,100.0
2026-08-24,33,33,3246.11,98.37,-1.0,100.0
2026-08-23,32,32,3004.19,93.88,-1.0,100.0
2026-08-22,31,31,2955.05,95.32,-1.0,100.0
2026-08-21,29,29,2518.52,86.85,-1.0,100.0
2026-08-20,29,29,2997.83,103.37,-1.0,100.0
2026-08-19,35,35,3236.5,92.47,-1.0,100.0
2026-08-18,39,39,3927.28,100.7,-1.0,100.0
2026-08-17,84,84,8220.01,97.86,-1.0,100.0
2026-08-16,35,35,3495.91,99.88,-1.0,100.0
2026-08-15,52,52,5161.07,99.25,-1.0,100.0
2026-08-14,52,52,5085.67,97.8,-1.0,100.0
2026-08-13,40,40,3951.12,98.78,-1.0,100.0
2026-08-12,48,48,4739.68,98.74,-1.0,100.0
2026-08-11,49,49,4765.21,97.25,-1.0,100.0
2026-08-10,55,55,5522.2,100.4,-1.0,100.0
2026-08-09,50,50,4817.13,96.34,-1.0,100.0
2026-08-08,49,49,4931.43,100.64,-1.0,100.0
2026-08-07,53,53,5605.51,105.76,-1.0,100.0
2026-08-06,47,47,4366.6,92.91,-1.0,100.0
2026-08-05,53,53,5251.15,99.08,-1.0,100.0
2026-08-04,63,63,6258.93,99.35,-1.0,100.0
2026-08-03,44,44,4453.63,101.22,-1.0,100.0
2026-08-02,45,45,4813.48,106.97,-1.0,100.0
2026-08-01,47,47,4682.7,99.63,-1.0,100.0
2026-07-31,54,54,5723.17,105.98,-1.0,100.0
2026-07-30,44,44,4511.76,102.54,-1.0,100.0
2026-07-29,51,51,4769.1,93.51,-1.0,100.0
2026-07-28,55,55,5664.37,102.99,-1.0,100.0
2026-07-27,51,51,5197.06,101.9,-1.0,100.0
2026-07-26,50,50,5008.22,100.16,-1.0,100.0
2026-07-25,41,41,4399.18,107.3,-1.0,100.0
2026-07-24,60,60,5718.11,95.3,-1.0,100.0
2026-07-23,51,51,5237.77,102.7,-1.0,100.0
2026-07-22,45,45,4457.34,99.05,-1.0,100.0
2026-07-21,55,55,5908.53,107.43,-1.0,100.0
2026-07-20,64,64,6213.24,97.08,-1.0,100.0
2026-07-19,52,52,5253.04,101.02,-1.0,100.0
2026-07-18,37,37,3654.69,98.78,-1.0,100.0
2026-07-17,4,4,433.6,108.4,-1.0,100.0
